Century,text,sentence,annotation,aspect_cat,results,words,gold_labels,ASPECT,CAT_ASPECT,PROMPT_LEN
20,"['Weber, Max', 'Weber, Max', 'Station']","Author: Weber, Max,
Title: Weber, Max,
Language: Dutch
Station 211 .","['ASPECT', 'ASPECT', 'ASPECT']","['PERSON', 'PERSON', 'HUM_LANDFORM']","(['Author', 'Weber', ',', 'Max', ',', 'Title', 'Weber', ',', 'Max', ',', 'Language', 'Dutch', 'Station', '211', '.'], ['O', 'B-PERSON', 'I-PERSON', 'I-PERSON', 'O', 'O', 'B-PERSON', 'I-PERSON', 'I-PERSON', 'O', 'O', 'O', 'B-HUM_LANDFORM', 'O', 'O'])","['Author', 'Weber', ',', 'Max', ',', 'Title', 'Weber', ',', 'Max', ',', 'Language', 'Dutch', 'Station', '211', '.']","['O', 'B-PERSON', 'I-PERSON', 'I-PERSON', 'O', 'O', 'B-PERSON', 'I-PERSON', 'I-PERSON', 'O', 'O', 'O', 'B-HUM_LANDFORM', 'O', 'O']","O,B-ASPECT,I-ASPECT,I-ASPECT,O,O,B-ASPECT,I-ASPECT,I-ASPECT,O,O,O,O,O,O","O,B-PERSON,I-PERSON,I-PERSON,O,O,B-PERSON,I-PERSON,I-PERSON,O,O,O,O,O,O",531
20,['B. arenosa Goodsir'],It is very closely allied to B. arenosa Goodsir .,['ASPECT'],['FAUNA'],"(['It', 'is', 'very', 'closely', 'allied', 'to', 'B', '.', 'arenosa', 'Goodsir', '.'], ['O', 'O', 'O', 'O', 'O', 'O', 'B-FAUNA', 'I-FAUNA', 'I-FAUNA', 'I-FAUNA', 'O'])","['It', 'is', 'very', 'closely', 'allied', 'to', 'B', '.', 'arenosa', 'Goodsir', '.']","['O', 'O', 'O', 'O', 'O', 'O', 'B-FAUNA', 'I-FAUNA', 'I-FAUNA', 'I-FAUNA', 'O']","O,O,O,O,O,O,B-ASPECT,I-ASPECT,I-ASPECT,B-ASPECT,O","O,O,O,O,O,O,B-FAUNA,I-FAUNA,I-FAUNA,B-PERSON,O",
20,['Plankton'],Plankton .,['ASPECT'],['FAUNA'],"(['Plankton', '.'], ['B-FAUNA', 'O'])","['Plankton', '.']","['B-FAUNA', 'O']","B-ASPECT,O","B-FAUNA,O",
20,['Plankton'],Plankton .,['ASPECT'],['I-FAUNA'],"(['Plankton', '.'], ['B-FAUNA', 'O'])","['Plankton', '.']","['B-FAUNA', 'O']","B-ASPECT,O","B-FAUNA,O",
20,['Cyclaspoides'],Cyclaspoides .,['ASPECT'],['FAUNA'],"(['Cyclaspoides', '.'], ['B-FAUNA', 'O'])","['Cyclaspoides', '.']","['B-FAUNA', 'O']","B-ASPECT,O","B-FAUNA,O",
20,['Cyclaspoides'],Cyclaspoides sp .,['ASPECT'],['FAUNA'],"(['Cyclaspoides', 'sp', '.'], ['B-FAUNA', 'O', 'O'])","['Cyclaspoides', 'sp', '.']","['B-FAUNA', 'O', 'O']","B-ASPECT,O,O","B-FAUNA,O,O",
20,['A single adult male specimen'],A single adult male specimen belonging to this genus was discovered by Prof.,['NULL_CAT'],['FAUNA'],"(['A', 'single', 'adult', 'male', 'specimen', 'belonging', 'to', 'this', 'genus', 'was', 'discovered', 'by', 'Prof', '.'], ['B-FAUNA', 'I-FAUNA', 'I-FAUNA', 'I-FAUNA', 'I-FAUNA', 'O', 'O', 'O', 'O', 'O', 'O', 'O', 'O', 'O'])","['A', 'single', 'adult', 'male', 'specimen', 'belonging', 'to', 'this', 'genus', 'was', 'discovered', 'by', 'Prof', '.']","['B-FAUNA', 'I-FAUNA', 'I-FAUNA', 'I-FAUNA', 'I-FAUNA', 'O', 'O', 'O', 'O', 'O', 'O', 'O', 'O', 'O']","O,O,O,O,O,O,O,O,B-ASPECT,O,O,O,B-ASPECT,O","O,O,O,O,O,O,O,O,B-FAUNA,O,O,O,B-PERSON,O",
20,['Tunicate'],"Sluiter in the atrial cavity of a species of Tunicate from Station 271 , 1788 metres .",['ASPECT'],['FAUNA'],"(['Sluiter', 'in', 'the', 'atrial', 'cavity', 'of', 'a', 'species', 'of', 'Tunicate', 'from', 'Station', '271', ',', '1788', 'metres', '.'], ['O', 'O', 'O', 'O', 'O', 'O', 'O', 'O', 'O', 'B-FAUNA', 'O', 'O', 'O', 'O', 'O', 'O', 'O'])","['Sluiter', 'in', 'the', 'atrial', 'cavity', 'of', 'a', 'species', 'of', 'Tunicate', 'from', 'Station', '271', ',', '1788', 'metres', '.']","['O', 'O', 'O', 'O', 'O', 'O', 'O', 'O', 'O', 'B-FAUNA', 'O', 'O', 'O', 'O', 'O', 'O', 'O']","B-ASPECT,O,O,O,B-ASPECT,O,O,O,O,B-ASPECT,O,B-ASPECT,I-ASPECT,O,O,O,O","B-PERSON,O,O,O,B-NAT_LANDFORM,O,O,O,O,B-FAUNA,O,B-LOCATION,I-LOCATION,O,O,O,O",